Laura,Reid,lreid2
Doug,Vancise,dvancise
Sylvia,Osborn,sosborn
Bob,Mercer,bmercer
John,Barron,jbarron
Hanan,Lutfiyya,hlutfiyy
Mike,Bauer,mbauer
Mike,Katchabaw,mkatchab
Marc,Moreno Maza,mmm
Nazim,Madhavji,nmadhav
Mark,Daley,mdaley
Mark,Perry,mperry
Charles,Ling,cling